{"selenium init": {"native": NaN, "firefox": 2.888988971710205, "chrome": 2.1281626224517822}, "load numpy": {"native": NaN, "firefox": 0.7956578731536865, "chrome": 0.8350706100463867}, "pystone": {"native": 0.226849, "firefox": 1.018, "chrome": 0.847345}, "allpairs_distances": {"native": 0.005256877177291446, "firefox": 0.01033333333333333, "chrome": 0.010277777666666389}, "allpairs_distances_loops": {"native": 0.12528124865558413, "firefox": 0.4828888888888889, "chrome": 0.4495422229999993}, "arc_distance": {"native": 0.015732600457138486, "firefox": 0.05266666666666629, "chrome": 0.07201055555555493}, "check_mask": {"native": 0.02536590314573712, "firefox": 0.10455555555555544, "chrome": 0.10582055611111112}, "create_grid": {"native": 0.05376663121084372, "firefox": 0.07499999999999968, "chrome": 0.06642944444444351}, "cronbach": {"native": 0.019552036912904844, "firefox": 0.05811111111111068, "chrome": 0.0660283334444445}, "diffusion": {"native": 0.12625659008820853, "firefox": 0.49644444444444485, "chrome": 0.5458783328888875}, "evolve": {"native": 0.04598155224488841, "firefox": 0.08522222222222256, "chrome": 0.09708888955555513}, "fdtd": {"native": 0.12138458817369407, "firefox": 0.587111111111111, "chrome": 0.6158722220000009}, "grayscott": {"native": 0.13077514184017977, "firefox": 0.7455555555555564, "chrome": 0.8273861111111087}, "grouping": {"native": 0.04442464539574252, "firefox": 0.44377777777777777, "chrome": 0.4328316668888906}, "growcut": {"native": 0.14279412022895283, "firefox": 0.6647777777777782, "chrome": 0.694773333444445}, "harris": {"native": 0.1822538547631767, "firefox": 0.1236666666666682, "chrome": 0.16230499988888564}, "hasting": {"native": 0.0002609793510701921, "firefox": 0.0014444444444450255, "chrome": 0.0015155551111105422}, "julia": {"native": 0.021475140212310687, "firefox": 0.10966666666666766, "chrome": 0.11959166666666635}, "l2norm": {"native": 0.013220949719349543, "firefox": 0.02944444444444451, "chrome": 0.02873444444444336}, "large_decimal_list": {"native": 0.003686321485373709, "firefox": 0.013888888888884152, "chrome": 0.013302777999999509}, "local_maxima": {"native": 0.13630622335606152, "firefox": 0.6001111111111123, "chrome": 0.568247222000006}, "log_likelihood": {"native": 0.10665591454340352, "firefox": 0.3416666666666654, "chrome": 0.4910355555555586}, "lstsqr": {"native": 0.10229762312438753, "firefox": 0.10722222222222261, "chrome": 0.12922611122221875}, "mandel": {"native": 0.23500249493453237, "firefox": 0.9708888888888888, "chrome": 0.9466299996666628}, "multiple_sum": {"native": 0.04785979518459903, "firefox": 0.20622222222222794, "chrome": 0.22476166633333922}, "pairwise_loop": {"native": 0.12876009630660215, "firefox": 0.6105555555555561, "chrome": 0.7014761111111151}, "periodic_dist": {"native": 0.03194965608417988, "firefox": 0.09177777777777389, "chrome": 0.08068111122222553}, "repeating": {"native": 0.03787927743461397, "firefox": 0.19166666666667234, "chrome": 0.2885083335555502}, "reverse_cumsum": {"native": 0.0997321048958434, "firefox": 0.1026666666666674, "chrome": 0.10375555544444144}, "rosen": {"native": 0.24767565044263998, "firefox": 0.27544444444444594, "chrome": 0.3186933338888941}, "slowparts": {"native": 0.10318340050677459, "firefox": 0.40022222222222265, "chrome": 0.46195388877778343}, "smoothing": {"native": 2.7801634536849127e-05, "firefox": 0.00011111111111164164, "chrome": 0.0001716661111098953}, "specialconvolve": {"native": 0.13145118889709315, "firefox": 0.14833333333333107, "chrome": 0.15727333333333604}, "vibr_energy": {"native": 0.04314619613190492, "firefox": 0.19011111111111254, "chrome": 0.2732022217777765}, "wave": {"native": 0.03426168279515372, "firefox": 0.13666666666666552, "chrome": 0.15119055533333559}}