{"selenium init": {"native": NaN, "firefox": 4.385860919952393, "chrome": 4.552639722824097}, "load numpy": {"native": NaN, "firefox": 0.07572722434997559, "chrome": 1.4235093593597412}, "pystone": {"native": 0.228776, "firefox": 1.377, "chrome": 1.28472}, "allpairs_distances": {"native": 0.007658512778006197, "firefox": 0.017777777777778187, "chrome": 0.018633888777776757}, "allpairs_distances_loops": {"native": 0.10567947444441314, "firefox": 0.734999999999999, "chrome": 0.7495900001111117}, "arc_distance": {"native": 0.021679115777563613, "firefox": 0.0892222222222235, "chrome": 0.14137666666666762}, "check_mask": {"native": 0.024745522110808653, "firefox": 0.18022222222222142, "chrome": 0.22327833333333302}, "create_grid": {"native": 0.11636321733324924, "firefox": 0.16344444444444484, "chrome": 0.1462050000000027}, "cronbach": {"native": 0.03696903955521217, "firefox": 0.1297777777777785, "chrome": 0.0975366665555539}, "diffusion": {"native": 0.15870020144413705, "firefox": 0.8729999999999991, "chrome": 0.836620000111111}, "evolve": {"native": 0.13209991611074656, "firefox": 0.17911111111111053, "chrome": 0.13788611100000342}, "fdtd": {"native": 0.12758948055569716, "firefox": 0.7103333333333334, "chrome": 0.9813666667777786}, "grayscott": {"native": 0.1801413387780081, "firefox": 1.349444444444444, "chrome": 1.3183494444444475}, "grouping": {"native": 0.06733299900022555, "firefox": 0.6532222222222211, "chrome": 0.6459455555555564}, "growcut": {"native": 0.10052773777776262, "firefox": 0.7056666666666666, "chrome": 0.9463933332222135}, "harris": {"native": 0.44826020111092174, "firefox": 0.2705555555555495, "chrome": 0.23730222222222133}, "hasting": {"native": 0.0001701950004644459, "firefox": 0.0012222222222217421, "chrome": 0.0018427779999967697}, "julia": {"native": 0.014726977888737261, "firefox": 0.1485555555555575, "chrome": 0.17663166666666383}, "l2norm": {"native": 0.02352874855569098, "firefox": 0.05633333333333073, "chrome": 0.05047833322221765}, "large_decimal_list": {"native": 0.0029875173333695987, "firefox": 0.01833333333333245, "chrome": 0.01955999988889327}, "local_maxima": {"native": 0.12406382799983678, "firefox": 0.8442222222222205, "chrome": 0.8661749997777848}, "log_likelihood": {"native": 0.15562488233364194, "firefox": 0.6766666666666639, "chrome": 1.021917777888894}, "lstsqr": {"native": 0.26987954211128656, "firefox": 0.2725555555555559, "chrome": 0.1916172222222201}, "mandel": {"native": 0.23543622666673197, "firefox": 1.1726666666666636, "chrome": 1.2863544445555515}, "multiple_sum": {"native": 0.06426271800026168, "firefox": 0.3560000000000072, "chrome": 0.28750388888888284}, "pairwise_loop": {"native": 0.08444400422195031, "firefox": 0.6534444444444413, "chrome": 0.8724466666666836}, "periodic_dist": {"native": 0.06780640111093009, "firefox": 0.2861111111111099, "chrome": 0.3678561111111157}, "repeating": {"native": 0.08635575477759024, "firefox": 0.26655555555555566, "chrome": 0.46707666655556246}, "reverse_cumsum": {"native": 0.11472316511127348, "firefox": 0.11455555555555622, "chrome": 0.11335222233333929}, "rosen": {"native": 0.62916375977794, "firefox": 0.5006666666666698, "chrome": 0.44002277777778115}, "slowparts": {"native": 0.12568716099950608, "firefox": 0.6991111111111145, "chrome": 0.9393461108888977}, "smoothing": {"native": 2.093655550399692e-05, "firefox": 0.00022222222221696738, "chrome": 0.00014500011111017052}, "specialconvolve": {"native": 0.3968064679993404, "firefox": 0.5541111111111073, "chrome": 0.47865055566666115}, "vibr_energy": {"native": 0.13665813199986587, "firefox": 0.6486666666666755, "chrome": 1.0381583333333362}, "wave": {"native": 0.04794428166658488, "firefox": 0.45377777777777184, "chrome": 0.5471900001111104}}