{"selenium init": {"native": NaN, "firefox": 2.6180477142333984, "chrome": 2.094449520111084}, "load numpy": {"native": NaN, "firefox": 0.5365829467773438, "chrome": 1.1063988208770752}, "pystone": {"native": 0.238827, "firefox": 1.261, "chrome": 1.08123}, "allpairs_distances": {"native": 0.004587884578439925, "firefox": 0.016444444444444213, "chrome": 0.01266722166666708}, "allpairs_distances_loops": {"native": 0.0959770352476173, "firefox": 0.5813333333333333, "chrome": 0.616396111444444}, "arc_distance": {"native": 0.015450552933745913, "firefox": 0.07533333333333421, "chrome": 0.11493666655555598}, "check_mask": {"native": 0.02280689838031928, "firefox": 0.144555555555555, "chrome": 0.18135833322222084}, "create_grid": {"native": 0.051885547737280525, "firefox": 0.10233333333333247, "chrome": 0.09513666655555635}, "cronbach": {"native": 0.0209405736790763, "firefox": 0.09233333333333288, "chrome": 0.0613733334444425}, "diffusion": {"native": 0.12505507013863987, "firefox": 0.6344444444444446, "chrome": 0.6443755553333332}, "evolve": {"native": 0.047964912114871874, "firefox": 0.13311111111111115, "chrome": 0.07824833399999973}, "fdtd": {"native": 0.08614475880232123, "firefox": 0.5640000000000001, "chrome": 0.8370577782222218}, "grayscott": {"native": 0.1274887803528044, "firefox": 1.0727777777777794, "chrome": 0.9830583330000009}, "grouping": {"native": 0.04688396698070897, "firefox": 0.49755555555555336, "chrome": 0.45944666622222347}, "growcut": {"native": 0.1035276297479868, "firefox": 0.574888888888888, "chrome": 0.7875127774444431}, "harris": {"native": 0.18239016872313288, "firefox": 0.1683333333333318, "chrome": 0.13836555511110443}, "hasting": {"native": 0.00017767358157369826, "firefox": 0.0011111111111101006, "chrome": 0.0014733337777765125}, "julia": {"native": 0.014465259181128608, "firefox": 0.09888888888888737, "chrome": 0.14675222255555317}, "l2norm": {"native": 0.013202290361126265, "firefox": 0.029333333333334446, "chrome": 0.028932221888892527}, "large_decimal_list": {"native": 0.003219157871272829, "firefox": 0.01677777777777894, "chrome": 0.0174416665555523}, "local_maxima": {"native": 0.12803664286103514, "firefox": 0.7196666666666702, "chrome": 0.735727777888886}, "log_likelihood": {"native": 0.1070446278899908, "firefox": 0.5206666666666675, "chrome": 0.715204444333327}, "lstsqr": {"native": 0.09806809719238016, "firefox": 0.12022222222222151, "chrome": 0.10956722177778033}, "mandel": {"native": 0.23178807583947977, "firefox": 1.0942222222222204, "chrome": 1.0925077770000025}, "multiple_sum": {"native": 0.047858055060108505, "firefox": 0.2548888888888901, "chrome": 0.21175166733333917}, "pairwise_loop": {"native": 0.09018422663211823, "firefox": 0.5115555555555602, "chrome": 0.7166194445555587}, "periodic_dist": {"native": 0.0338961999449465, "firefox": 0.23711111111111272, "chrome": 0.2824449997777726}, "repeating": {"native": 0.038459484154979386, "firefox": 0.2093333333333318, "chrome": 0.35924888866667476}, "reverse_cumsum": {"native": 0.10291257645520899, "firefox": 0.10077777777778213, "chrome": 0.10037555522221926}, "rosen": {"native": 0.30440282821655273, "firefox": 0.3333333333333428, "chrome": 0.2786299997777759}, "slowparts": {"native": 0.09272482515209252, "firefox": 0.5432222222222296, "chrome": 0.7284466665555556}, "smoothing": {"native": 2.5233046876059638e-05, "firefox": 0.0002222222222232833, "chrome": 0.0001033336666612033}, "specialconvolve": {"native": 0.14016003948118952, "firefox": 0.25366666666666204, "chrome": 0.2366627778888907}, "vibr_energy": {"native": 0.04351216016544236, "firefox": 0.3394444444444389, "chrome": 0.46620111122221414}, "wave": {"native": 0.028927478318413097, "firefox": 0.21277777777778006, "chrome": 0.29712999955554803}}