{"selenium init": {"native": NaN, "firefox": 6.045353412628174, "chrome": 4.667234659194946}, "load numpy": {"native": NaN, "firefox": 0.12941527366638184, "chrome": 1.834808588027954}, "pystone": {"native": 0.287512, "firefox": 1.451, "chrome": 1.28068}, "allpairs_distances": {"native": 0.00786743355517198, "firefox": 0.037333333333332774, "chrome": 0.018610555555555425}, "allpairs_distances_loops": {"native": 0.11170640477778054, "firefox": 0.680444444444444, "chrome": 0.7837461111111124}, "arc_distance": {"native": 0.01978584599985172, "firefox": 0.08900000000000101, "chrome": 0.1461711106666657}, "check_mask": {"native": 0.025265709109791916, "firefox": 0.1644444444444449, "chrome": 0.22216277777777865}, "create_grid": {"native": 0.266568860333387, "firefox": 0.27399999999999936, "chrome": 0.26995444433333265}, "cronbach": {"native": 0.05292260811175867, "firefox": 0.18666666666666426, "chrome": 0.15622833344444428}, "diffusion": {"native": 0.16277926555711827, "firefox": 0.9306666666666656, "chrome": 1.1542094445555557}, "evolve": {"native": 0.34278413944412023, "firefox": 0.38500000000000195, "chrome": 0.33688611111111144}, "fdtd": {"native": 0.1592912277790472, "firefox": 0.8384444444444468, "chrome": 1.1796855556666657}, "grayscott": {"native": 0.2270528115566574, "firefox": 1.7482222222222232, "chrome": 1.6317883332222196}, "grouping": {"native": 0.10160081533265636, "firefox": 0.9496666666666695, "chrome": 0.9162899997777711}, "growcut": {"native": 0.11014973566650749, "firefox": 0.7868888888888913, "chrome": 1.0962955554444516}, "harris": {"native": 0.6889827929990133, "firefox": 0.4723333333333307, "chrome": 0.47847166644444566}, "hasting": {"native": 0.0002514595544198528, "firefox": 0.0025555555555519683, "chrome": 0.003437222333338418}, "julia": {"native": 0.027765452445439424, "firefox": 0.13788888888888728, "chrome": 0.30450500044445206}, "l2norm": {"native": 0.03462577088794205, "firefox": 0.07588888888888493, "chrome": 0.07188388888889108}, "large_decimal_list": {"native": 0.007091497554534322, "firefox": 0.04455555555555356, "chrome": 0.022986666666664886}, "local_maxima": {"native": 0.2336904888903114, "firefox": 1.3513333333333277, "chrome": 1.3123783331111047}, "log_likelihood": {"native": 0.22756047889156938, "firefox": 0.8285555555555548, "chrome": 1.3608638888888878}, "lstsqr": {"native": 0.42749619166554315, "firefox": 0.405555555555553, "chrome": 0.3692283332222246}, "mandel": {"native": 0.32623164777760394, "firefox": 1.4659999999999955, "chrome": 1.6460877777777607}, "multiple_sum": {"native": 0.06814395244469375, "firefox": 0.40288888888889257, "chrome": 0.38735888877777647}, "pairwise_loop": {"native": 0.10685217889032275, "firefox": 0.7723333333333294, "chrome": 1.1737672221111035}, "periodic_dist": {"native": 0.14126199544423595, "firefox": 0.4654444444444405, "chrome": 0.5019305556666799}, "repeating": {"native": 0.12354480788781075, "firefox": 0.3323333333333254, "chrome": 0.6728850001111178}, "reverse_cumsum": {"native": 0.14905770844537378, "firefox": 0.15211111111110162, "chrome": 0.14285166655555612}, "rosen": {"native": 0.8951323227779034, "firefox": 0.8017777777777787, "chrome": 0.7228000001111164}, "slowparts": {"native": 0.12381557700023728, "firefox": 0.8190000000000042, "chrome": 1.3298177779999871}, "smoothing": {"native": 3.0471887536502134e-05, "firefox": 0.00022222222221696738, "chrome": 0.00020944488887961497}, "specialconvolve": {"native": 0.5557331264450719, "firefox": 0.5878888888888949, "chrome": 0.4408261111111137}, "vibr_energy": {"native": 0.09352134977800436, "firefox": 0.43755555555553527, "chrome": 0.6534327779999987}, "wave": {"native": 0.03067597566809531, "firefox": 0.270444444444441, "chrome": 0.418160555777768}}