{"selenium init": {"native": NaN, "firefox": 4.1116790771484375, "chrome": 3.7542471885681152}, "load numpy": {"native": NaN, "firefox": 0.08690786361694336, "chrome": 1.1007325649261475}, "pystone": {"native": 0.235384, "firefox": 0.976, "chrome": 0.89637}, "allpairs_distances": {"native": 0.007797065666737681, "firefox": 0.019666666666666624, "chrome": 0.015324444444444177}, "allpairs_distances_loops": {"native": 0.11189371055519991, "firefox": 0.4751111111111107, "chrome": 0.45227333344444415}, "arc_distance": {"native": 0.0203502706661109, "firefox": 0.0645555555555551, "chrome": 0.08983055566666485}, "check_mask": {"native": 0.02633731133351426, "firefox": 0.11722222222222219, "chrome": 0.11781222211111163}, "create_grid": {"native": 0.10392539911097426, "firefox": 0.13600000000000043, "chrome": 0.12595999988888926}, "cronbach": {"native": 0.037741672888740946, "firefox": 0.12344444444444412, "chrome": 0.0905372223333324}, "diffusion": {"native": 0.15763418522207454, "firefox": 0.7136666666666669, "chrome": 0.6615111113333335}, "evolve": {"native": 0.13671031955568147, "firefox": 0.18833333333333258, "chrome": 0.13437111111111555}, "fdtd": {"native": 0.08946244444430501, "firefox": 0.43988888888888766, "chrome": 0.5233055554444471}, "grayscott": {"native": 0.1779572468892891, "firefox": 1.136111111111112, "chrome": 1.056749444333336}, "grouping": {"native": 0.06683066777764503, "firefox": 0.6419999999999975, "chrome": 0.6877249998888936}, "growcut": {"native": 0.14296086255570925, "firefox": 0.7364444444444413, "chrome": 0.8516305554444412}, "harris": {"native": 0.599325116999656, "firefox": 0.38166666666666377, "chrome": 0.3368994443333343}, "hasting": {"native": 0.00032424755570698634, "firefox": 0.000999999999998459, "chrome": 0.0027261109999964597}, "julia": {"native": 0.01830355055547746, "firefox": 0.11611111111111289, "chrome": 0.1363722221111061}, "l2norm": {"native": 0.03236193777754832, "firefox": 0.06766666666666449, "chrome": 0.07013444399999634}, "large_decimal_list": {"native": 0.0029905953336613797, "firefox": 0.021333333333337298, "chrome": 0.019523333333321742}, "local_maxima": {"native": 0.17658457633317287, "firefox": 0.8819999999999987, "chrome": 0.8308355556666684}, "log_likelihood": {"native": 0.21663983344458554, "firefox": 0.6593333333333331, "chrome": 0.9260111111111087}, "lstsqr": {"native": 0.3158723887780879, "firefox": 0.31677777777777766, "chrome": 0.2708383334444433}, "mandel": {"native": 0.3283825642221119, "firefox": 1.4409999999999994, "chrome": 1.5157561110000017}, "multiple_sum": {"native": 0.08511028600009417, "firefox": 0.38966666666667354, "chrome": 0.34458833355555246}, "pairwise_loop": {"native": 0.12202122466684766, "firefox": 0.6528888888888926, "chrome": 0.7914249997777776}, "periodic_dist": {"native": 0.11035118522219516, "firefox": 0.2214444444444439, "chrome": 0.14421333333333702}, "repeating": {"native": 0.10598325744447518, "firefox": 0.26766666666665945, "chrome": 0.40581555533331465}, "reverse_cumsum": {"native": 0.14204557277763444, "firefox": 0.14511111111110925, "chrome": 0.14475166677777906}, "rosen": {"native": 0.8598336707774352, "firefox": 0.831777777777783, "chrome": 0.6722772223333272}, "slowparts": {"native": 0.13786087888891213, "firefox": 0.6088888888888909, "chrome": 0.7243399999999964}, "smoothing": {"native": 2.3041555727508643e-05, "firefox": 0.0, "chrome": 0.00011166688888882466}, "specialconvolve": {"native": 0.5216288597774918, "firefox": 0.6482222222222352, "chrome": 0.5124949999999886}, "vibr_energy": {"native": 0.12568985844457833, "firefox": 0.3935555555555463, "chrome": 0.5285138891111072}, "wave": {"native": 0.042969106333354525, "firefox": 0.19766666666665994, "chrome": 0.2115022221111139}}