{"selenium init": {"native": NaN, "firefox": 2.874551296234131, "chrome": 2.1664083003997803}, "load numpy": {"native": NaN, "firefox": 0.7979159355163574, "chrome": 0.893010139465332}, "pystone": {"native": 0.22607, "firefox": 1.0, "chrome": 0.82137}, "allpairs_distances": {"native": 0.00544087899227937, "firefox": 0.010444444444444182, "chrome": 0.010310000111111014}, "allpairs_distances_loops": {"native": 0.12437384472125107, "firefox": 0.4920000000000001, "chrome": 0.4471294443333345}, "arc_distance": {"native": 0.015911781332559057, "firefox": 0.05077777777777786, "chrome": 0.07246944422222236}, "check_mask": {"native": 0.026048952920569315, "firefox": 0.10455555555555544, "chrome": 0.10614777800000003}, "create_grid": {"native": 0.05464643384847376, "firefox": 0.0738888888888888, "chrome": 0.06692944466666696}, "cronbach": {"native": 0.0192551352083683, "firefox": 0.056555555555554804, "chrome": 0.06663333344444469}, "diffusion": {"native": 0.12968128650552696, "firefox": 0.4885555555555562, "chrome": 0.5503361115555544}, "evolve": {"native": 0.04706462969382604, "firefox": 0.0832222222222217, "chrome": 0.09704499999999901}, "fdtd": {"native": 0.12314436088005702, "firefox": 0.5687777777777769, "chrome": 0.6095044445555544}, "grayscott": {"native": 0.13259282087286314, "firefox": 0.7246666666666657, "chrome": 0.8266572220000007}, "grouping": {"native": 0.04584955403374301, "firefox": 0.4259999999999972, "chrome": 0.43104166677777933}, "growcut": {"native": 0.14155195529262224, "firefox": 0.6501111111111126, "chrome": 0.6841927777777749}, "harris": {"native": 0.1832642580072085, "firefox": 0.11700000000000285, "chrome": 0.15894222211110945}, "hasting": {"native": 0.0002705901861190796, "firefox": 0.0014444444444466045, "chrome": 0.0017149998888865208}, "julia": {"native": 0.02252069405383534, "firefox": 0.10722222222222261, "chrome": 0.1147933331111138}, "l2norm": {"native": 0.013580868434574869, "firefox": 0.027999999999993166, "chrome": 0.027822222111109025}, "large_decimal_list": {"native": 0.003846682815088166, "firefox": 0.013555555555555543, "chrome": 0.012666111000001479}, "local_maxima": {"native": 0.14297533531983694, "firefox": 0.5897777777777785, "chrome": 0.5510877775555577}, "log_likelihood": {"native": 0.11001241434779432, "firefox": 0.3335555555555566, "chrome": 0.46027611111110406}, "lstsqr": {"native": 0.10449724872079161, "firefox": 0.10622222222221783, "chrome": 0.12359277744443868}, "mandel": {"native": 0.24928644340899256, "firefox": 0.9563333333333333, "chrome": 0.8999327781111125}, "multiple_sum": {"native": 0.04843586103783713, "firefox": 0.20344444444444637, "chrome": 0.21617499988888905}, "pairwise_loop": {"native": 0.12701794774168068, "firefox": 0.6097777777777778, "chrome": 0.6635816666666648}, "periodic_dist": {"native": 0.03288988003300296, "firefox": 0.0905555555555553, "chrome": 0.07718222211110515}, "repeating": {"native": 0.038550948517190084, "firefox": 0.18788888888889232, "chrome": 0.27681111066666453}, "reverse_cumsum": {"native": 0.10220439607898395, "firefox": 0.10011111111111227, "chrome": 0.09912055533333348}, "rosen": {"native": 0.2624457764128844, "firefox": 0.2753333333333343, "chrome": 0.3093300001111206}, "slowparts": {"native": 0.10856278489033382, "firefox": 0.4003333333333374, "chrome": 0.4409827778888895}, "smoothing": {"native": 2.8247634569803875e-05, "firefox": 0.00011111111110848369, "chrome": 0.00018666722222507006}, "specialconvolve": {"native": 0.13712087314989832, "firefox": 0.14355555555555258, "chrome": 0.1498205553333302}, "vibr_energy": {"native": 0.04404123230940766, "firefox": 0.18477777777777582, "chrome": 0.25130555577777614}, "wave": {"native": 0.03483280539512634, "firefox": 0.13966666666666405, "chrome": 0.14347500022222448}}