{"selenium init": {"native": NaN, "firefox": 5.963214635848999, "chrome": 4.706721782684326}, "load numpy": {"native": NaN, "firefox": 0.08157205581665039, "chrome": 1.1661303043365479}, "pystone": {"native": 0.233978, "firefox": 1.029, "chrome": 1.01818}, "allpairs_distances": {"native": 0.0107597604441657, "firefox": 0.02066666666666745, "chrome": 0.015933333444443636}, "allpairs_distances_loops": {"native": 0.11264531577803104, "firefox": 0.5071111111111115, "chrome": 0.4762600000000003}, "arc_distance": {"native": 0.019804089666043485, "firefox": 0.06811111111110948, "chrome": 0.10500611111111151}, "check_mask": {"native": 0.026182579999941582, "firefox": 0.11622222222222295, "chrome": 0.12409500011111084}, "create_grid": {"native": 0.13232396322200657, "firefox": 0.1475555555555551, "chrome": 0.12012666633333345}, "cronbach": {"native": 0.03915306622244922, "firefox": 0.13266666666666774, "chrome": 0.09706055566666628}, "diffusion": {"native": 0.1674498882215024, "firefox": 0.7652222222222215, "chrome": 0.7451861113333353}, "evolve": {"native": 0.15737913444455545, "firefox": 0.2014444444444447, "chrome": 0.1785572220000028}, "fdtd": {"native": 0.0943042683332654, "firefox": 0.4805555555555543, "chrome": 0.5654772222222214}, "grayscott": {"native": 0.19555372522275624, "firefox": 1.272111111111111, "chrome": 1.0921127776666677}, "grouping": {"native": 0.07640887955575534, "firefox": 0.6685555555555598, "chrome": 0.6675577779999995}, "growcut": {"native": 0.10085515033319502, "firefox": 0.5301111111111128, "chrome": 0.6394977778888946}, "harris": {"native": 0.5145424258880666, "firefox": 0.30733333333333235, "chrome": 0.24746444455555483}, "hasting": {"native": 0.0001730983341177408, "firefox": 0.0011111111111101006, "chrome": 0.0011427777777789237}, "julia": {"native": 0.014710888666741084, "firefox": 0.07888888888888662, "chrome": 0.09747111155555091}, "l2norm": {"native": 0.023912979333140863, "firefox": 0.051111111111102524, "chrome": 0.050863888888888674}, "large_decimal_list": {"native": 0.0039724638886077124, "firefox": 0.014222222222217498, "chrome": 0.01357222222222592}, "local_maxima": {"native": 0.12624311733371643, "firefox": 0.5994444444444456, "chrome": 0.6033627775555507}, "log_likelihood": {"native": 0.1617200373329979, "firefox": 0.5545555555555508, "chrome": 0.7379388886666681}, "lstsqr": {"native": 0.23968312244445164, "firefox": 0.2448888888888866, "chrome": 0.19686833355555045}, "mandel": {"native": 0.23685167011111238, "firefox": 1.0140000000000005, "chrome": 1.0620827776666664}, "multiple_sum": {"native": 0.06526252733318769, "firefox": 0.2821111111111097, "chrome": 0.251347222111112}, "pairwise_loop": {"native": 0.08499669844402685, "firefox": 0.4591111111111117, "chrome": 0.5619677777777857}, "periodic_dist": {"native": 0.06752589599919803, "firefox": 0.13844444444444548, "chrome": 0.1012566665555615}, "repeating": {"native": 0.07590806700035399, "firefox": 0.2164444444444421, "chrome": 0.31283666644444946}, "reverse_cumsum": {"native": 0.11442060955515546, "firefox": 0.11955555555555167, "chrome": 0.1140372223333404}, "rosen": {"native": 0.6441432662217671, "firefox": 0.6172222222222167, "chrome": 0.4600522222222278}, "slowparts": {"native": 0.10015684855655611, "firefox": 0.5005555555555551, "chrome": 0.5486744444444298}, "smoothing": {"native": 2.2825998813560647e-05, "firefox": 0.0, "chrome": 9.722233333933319e-05}, "specialconvolve": {"native": 0.3842135665553441, "firefox": 0.4464444444444477, "chrome": 0.368103333333339}, "vibr_energy": {"native": 0.07203094577764407, "firefox": 0.3105555555555573, "chrome": 0.4132844445555482}, "wave": {"native": 0.029891871778090717, "firefox": 0.13822222222222535, "chrome": 0.15210611088888804}}