{"selenium init": {"native": NaN, "firefox": 2.6481330394744873, "chrome": 2.1048405170440674}, "load numpy": {"native": NaN, "firefox": 0.5242464542388916, "chrome": 1.0980138778686523}, "pystone": {"native": 0.230284, "firefox": 1.215, "chrome": 1.11359}, "allpairs_distances": {"native": 0.004619665650857819, "firefox": 0.013555555555555938, "chrome": 0.012978332999999707}, "allpairs_distances_loops": {"native": 0.09720901855164105, "firefox": 0.5674444444444448, "chrome": 0.6330483336666661}, "arc_distance": {"native": 0.015470569125480123, "firefox": 0.07333333333333375, "chrome": 0.11385055555555586}, "check_mask": {"native": 0.022814950595299404, "firefox": 0.14833333333333265, "chrome": 0.18578000055555557}, "create_grid": {"native": 0.0566919402529796, "firefox": 0.10600000000000086, "chrome": 0.094465555444443}, "cronbach": {"native": 0.02083646133542061, "firefox": 0.09277777777777788, "chrome": 0.05923055544444367}, "diffusion": {"native": 0.12242630475925075, "firefox": 0.6592222222222222, "chrome": 0.6399388881111123}, "evolve": {"native": 0.04691043164994982, "firefox": 0.1312222222222227, "chrome": 0.07236999988888787}, "fdtd": {"native": 0.08763984052671327, "firefox": 0.5608888888888883, "chrome": 0.8519155558888877}, "grayscott": {"native": 0.1303894031378958, "firefox": 1.0433333333333334, "chrome": 1.0042077780000023}, "grouping": {"native": 0.0469000113921033, "firefox": 0.483111111111111, "chrome": 0.4684683339999999}, "growcut": {"native": 0.10290376366012627, "firefox": 0.5845555555555566, "chrome": 0.8018133332222246}, "harris": {"native": 0.19966428519950974, "firefox": 0.1690000000000048, "chrome": 0.13188833288889}, "hasting": {"native": 0.00017563439905643463, "firefox": 0.0010000000000016168, "chrome": 0.0015483336666666976}, "julia": {"native": 0.01418962784939342, "firefox": 0.09700000000000525, "chrome": 0.14963000033332857}, "l2norm": {"native": 0.013131840154528618, "firefox": 0.028333333333339143, "chrome": 0.029297778444436692}, "large_decimal_list": {"native": 0.00366638559434149, "firefox": 0.01600000000001324, "chrome": 0.017919999555548176}, "local_maxima": {"native": 0.12513665544490019, "firefox": 0.7112222222222234, "chrome": 0.7455516667777778}, "log_likelihood": {"native": 0.10733688146703774, "firefox": 0.5091111111111104, "chrome": 0.7330255553333352}, "lstsqr": {"native": 0.1101368638790316, "firefox": 0.13144444444444364, "chrome": 0.10515611111111411}, "mandel": {"native": 0.22760947690241867, "firefox": 1.0822222222222233, "chrome": 1.1287249998888929}, "multiple_sum": {"native": 0.045195095241069794, "firefox": 0.26733333333333714, "chrome": 0.21550833377777837}, "pairwise_loop": {"native": 0.08697490104370648, "firefox": 0.521333333333331, "chrome": 0.741334444666658}, "periodic_dist": {"native": 0.03250264417794016, "firefox": 0.23911111111110964, "chrome": 0.30016722244444494}, "repeating": {"native": 0.04069880934225188, "firefox": 0.20966666666666672, "chrome": 0.37192666644444394}, "reverse_cumsum": {"native": 0.09984925099545056, "firefox": 0.10055555555555568, "chrome": 0.10402277811111402}, "rosen": {"native": 0.29511657481392223, "firefox": 0.3591111111111174, "chrome": 0.27548222211110995}, "slowparts": {"native": 0.09027136862277985, "firefox": 0.5532222222222205, "chrome": 0.7568605556666499}, "smoothing": {"native": 2.405419945716858e-05, "firefox": 0.0, "chrome": 0.00022333344444152518}, "specialconvolve": {"native": 0.15805481125911078, "firefox": 0.25300000000000483, "chrome": 0.22607611155555357}, "vibr_energy": {"native": 0.04272016262014707, "firefox": 0.34244444444445005, "chrome": 0.4934544443333443}, "wave": {"native": 0.028374297130439017, "firefox": 0.21633333333333363, "chrome": 0.31438000000001565}}