{"selenium init": {"native": NaN, "firefox": 2.679063081741333, "chrome": 2.1061580181121826}, "load numpy": {"native": NaN, "firefox": 0.5247054100036621, "chrome": 1.1074917316436768}, "pystone": {"native": 0.23451, "firefox": 1.25, "chrome": 1.09805}, "allpairs_distances": {"native": 0.004565970765219795, "firefox": 0.01466666666666742, "chrome": 0.012417222000000235}, "allpairs_distances_loops": {"native": 0.09577666160960992, "firefox": 0.5687777777777774, "chrome": 0.6181388892222218}, "arc_distance": {"native": 0.016088107186887, "firefox": 0.07377777777777715, "chrome": 0.1109350002222212}, "check_mask": {"native": 0.022520597610208724, "firefox": 0.14477777777777667, "chrome": 0.18117666611111202}, "create_grid": {"native": 0.06331940181553364, "firefox": 0.10133333333333322, "chrome": 0.09570444455555342}, "cronbach": {"native": 0.02089624624285433, "firefox": 0.09088888888888944, "chrome": 0.0594855561111108}, "diffusion": {"native": 0.12296617155273755, "firefox": 0.6588888888888889, "chrome": 0.6467816667777776}, "evolve": {"native": 0.047307888666788735, "firefox": 0.13266666666666538, "chrome": 0.07639888844444521}, "fdtd": {"native": 0.08609208092093468, "firefox": 0.566333333333335, "chrome": 0.8214811105555574}, "grayscott": {"native": 0.12430449016392231, "firefox": 1.0392222222222232, "chrome": 0.9659538887777772}, "grouping": {"native": 0.046543785060445465, "firefox": 0.48722222222222594, "chrome": 0.4530194444444457}, "growcut": {"native": 0.09753075883620316, "firefox": 0.5961111111111121, "chrome": 0.7839627780000029}, "harris": {"native": 0.20028797454304165, "firefox": 0.17422222222222672, "chrome": 0.13200666655555438}, "hasting": {"native": 0.00017494832475980124, "firefox": 0.0012222222222217421, "chrome": 0.0014327774444432685}, "julia": {"native": 0.014058778890305094, "firefox": 0.0992222222222223, "chrome": 0.14509111133333225}, "l2norm": {"native": 0.013122384125987688, "firefox": 0.029333333333334446, "chrome": 0.02841222244444768}, "large_decimal_list": {"native": 0.003209515992138121, "firefox": 0.016333333333326056, "chrome": 0.0176705555555543}, "local_maxima": {"native": 0.1239507705387142, "firefox": 0.726333333333334, "chrome": 0.7372022225555604}, "log_likelihood": {"native": 0.10647482507758671, "firefox": 0.5240000000000009, "chrome": 0.7154500003333403}, "lstsqr": {"native": 0.10119655604163806, "firefox": 0.13055555555555365, "chrome": 0.10507444466666824}, "mandel": {"native": 0.22087498381733894, "firefox": 1.1306666666666685, "chrome": 1.1019738887777792}, "multiple_sum": {"native": 0.0458355839881632, "firefox": 0.2725555555555559, "chrome": 0.22022222188888918}, "pairwise_loop": {"native": 0.08372422017984921, "firefox": 0.5335555555555579, "chrome": 0.7186461108888883}, "periodic_dist": {"native": 0.032064474705192775, "firefox": 0.24055555555555466, "chrome": 0.28617166633333746}, "repeating": {"native": 0.037008255927099123, "firefox": 0.2145555555555537, "chrome": 0.36144111133333784}, "reverse_cumsum": {"native": 0.09968270340727435, "firefox": 0.10322222222221929, "chrome": 0.10081722222222173}, "rosen": {"native": 0.2961201458755467, "firefox": 0.345000000000002, "chrome": 0.275657221999994}, "slowparts": {"native": 0.0909860846069124, "firefox": 0.5602222222222255, "chrome": 0.7307794445555627}, "smoothing": {"native": 2.4532899260520935e-05, "firefox": 0.00011111111110848369, "chrome": 0.00010499966667036158}, "specialconvolve": {"native": 0.1360251692434152, "firefox": 0.2604444444444438, "chrome": 0.24343666655555454}, "vibr_energy": {"native": 0.04244964776767625, "firefox": 0.345222222222219, "chrome": 0.4970338884444472}, "wave": {"native": 0.02797993106974496, "firefox": 0.2203333333333338, "chrome": 0.29964444455555395}}