{"selenium init": {"native": NaN, "firefox": 3.9176886081695557, "chrome": 3.6556432247161865}, "load numpy": {"native": NaN, "firefox": 0.08063673973083496, "chrome": 1.1559557914733887}, "pystone": {"native": 0.228743, "firefox": 0.96, "chrome": 0.90438}, "allpairs_distances": {"native": 0.00764055388895536, "firefox": 0.019777777777778657, "chrome": 0.015318333111111256}, "allpairs_distances_loops": {"native": 0.10360337622518677, "firefox": 0.44544444444444486, "chrome": 0.42894611111111147}, "arc_distance": {"native": 0.01984665133366232, "firefox": 0.0650000000000001, "chrome": 0.08882000011111064}, "check_mask": {"native": 0.030852352000591863, "firefox": 0.1113333333333336, "chrome": 0.1175999999999991}, "create_grid": {"native": 0.11076078322205124, "firefox": 0.11466666666666628, "chrome": 0.12507666677777646}, "cronbach": {"native": 0.04042831955545504, "firefox": 0.11755555555555554, "chrome": 0.09042722244444532}, "diffusion": {"native": 0.1563051845554987, "firefox": 0.670111111111111, "chrome": 0.6648722223333342}, "evolve": {"native": 0.14203290644622435, "firefox": 0.16733333333333178, "chrome": 0.14174111111110932}, "fdtd": {"native": 0.08789416955631976, "firefox": 0.46866666666666706, "chrome": 0.5354555554444431}, "grayscott": {"native": 0.17736696344379904, "firefox": 1.0884444444444452, "chrome": 1.0276944443333318}, "grouping": {"native": 0.06782350588683686, "firefox": 0.5992222222222223, "chrome": 0.6727838887777785}, "growcut": {"native": 0.09763563055700313, "firefox": 0.4950000000000014, "chrome": 0.5886477776666668}, "harris": {"native": 0.4380483293328628, "firefox": 0.247666666666665, "chrome": 0.21257000011111574}, "hasting": {"native": 0.00017970122361374606, "firefox": 0.0008888888888899752, "chrome": 0.0011449997777819793}, "julia": {"native": 0.013822143223175468, "firefox": 0.07677777777777806, "chrome": 0.09446333333332291}, "l2norm": {"native": 0.023490768332622893, "firefox": 0.050444444444445305, "chrome": 0.049674999999998214}, "large_decimal_list": {"native": 0.003295642999647599, "firefox": 0.013888888888892047, "chrome": 0.013519999888889819}, "local_maxima": {"native": 0.1237576555560938, "firefox": 0.5725555555555546, "chrome": 0.5775233335555564}, "log_likelihood": {"native": 0.15047332666775523, "firefox": 0.4958888888888914, "chrome": 0.67408944444444}, "lstsqr": {"native": 0.2142734378907739, "firefox": 0.22411111111111698, "chrome": 0.1742916664444465}, "mandel": {"native": 0.23232756511101293, "firefox": 0.9538888888888866, "chrome": 1.0489050001111038}, "multiple_sum": {"native": 0.06380011733320619, "firefox": 0.2883333333333332, "chrome": 0.24214722233333597}, "pairwise_loop": {"native": 0.09362410722193697, "firefox": 0.5301111111111064, "chrome": 0.5419161111111097}, "periodic_dist": {"native": 0.06787037266702908, "firefox": 0.13944444444444393, "chrome": 0.09474611100000313}, "repeating": {"native": 0.07751565211058026, "firefox": 0.211555555555552, "chrome": 0.3067722222222263}, "reverse_cumsum": {"native": 0.11274807322398475, "firefox": 0.11388888888888636, "chrome": 0.1119972221111109}, "rosen": {"native": 0.6090784162200483, "firefox": 0.5097777777777739, "chrome": 0.39773722222220287}, "slowparts": {"native": 0.10888965877772232, "firefox": 0.44000000000000405, "chrome": 0.6827877775555559}, "smoothing": {"native": 2.2394887410983858e-05, "firefox": 0.0, "chrome": 0.00016333333333149212}, "specialconvolve": {"native": 0.30421193422403625, "firefox": 0.35833333333334216, "chrome": 0.3055772222222054}, "vibr_energy": {"native": 0.06967297866665628, "firefox": 0.28088888888889113, "chrome": 0.36690499999999954}, "wave": {"native": 0.031991714445110925, "firefox": 0.13377777777777863, "chrome": 0.2067566665555647}}