{"selenium init": {"native": NaN, "firefox": 6.856781005859375, "chrome": 7.720426797866821}, "load numpy": {"native": NaN, "firefox": 0.12633347511291504, "chrome": 3.4329721927642822}, "pystone": {"native": 0.415724, "firefox": 2.367, "chrome": 2.18131}, "allpairs_distances": {"native": 0.012036005997894486, "firefox": 0.034444444444445485, "chrome": 0.029072777666667566}, "allpairs_distances_loops": {"native": 0.15942117099944475, "firefox": 1.0106666666666655, "chrome": 1.1964344446666675}, "arc_distance": {"native": 0.02801975633418705, "firefox": 0.14333333333333562, "chrome": 0.24703333300000135}, "check_mask": {"native": 0.035517009111774515, "firefox": 0.2642222222222254, "chrome": 0.3306405556666634}, "create_grid": {"native": 0.280503797222789, "firefox": 0.3201111111111143, "chrome": 0.3166805554444447}, "cronbach": {"native": 0.09411888888684593, "firefox": 0.2651111111111122, "chrome": 0.2156588891111113}, "diffusion": {"native": 0.24606990477898055, "firefox": 1.3158888888888924, "chrome": 1.4132666663333313}, "evolve": {"native": 0.32161987655450097, "firefox": 0.4345555555555557, "chrome": 0.35105611099999756}, "fdtd": {"native": 0.14518960277847429, "firefox": 1.0481111111111103, "chrome": 1.453408889111112}, "grayscott": {"native": 0.24471277200063923, "firefox": 2.201444444444443, "chrome": 2.128890000333333}, "grouping": {"native": 0.1103512765556742, "firefox": 0.9938888888888849, "chrome": 1.043064444444446}, "growcut": {"native": 0.15574278288921858, "firefox": 1.1956666666666758, "chrome": 1.5646005555555575}, "harris": {"native": 0.8099670745553643, "firefox": 0.5475555555555552, "chrome": 0.4831166671111191}, "hasting": {"native": 0.00017588455537204735, "firefox": 0.0031111111111133344, "chrome": 0.003735000111103343}, "julia": {"native": 0.021727057222354535, "firefox": 0.22544444444445036, "chrome": 0.32747722188889206}, "l2norm": {"native": 0.033822078000715315, "firefox": 0.0815555555555597, "chrome": 0.07906777788888222}, "large_decimal_list": {"native": 0.005239832778493615, "firefox": 0.03166666666666313, "chrome": 0.03126333377777099}, "local_maxima": {"native": 0.2426745530004458, "firefox": 1.436111111111106, "chrome": 1.582914999777769}, "log_likelihood": {"native": 0.2546338571127207, "firefox": 0.9293333333333307, "chrome": 1.5560127778888893}, "lstsqr": {"native": 0.48826538233212585, "firefox": 0.4767777777777774, "chrome": 0.41695999999999206}, "mandel": {"native": 0.36194109399932334, "firefox": 2.0563333333333276, "chrome": 2.1404066667777846}, "multiple_sum": {"native": 0.09154293111189166, "firefox": 0.5991111111110917, "chrome": 0.4699255557777633}, "pairwise_loop": {"native": 0.12946579844477432, "firefox": 0.9923333333333315, "chrome": 1.4951866668888998}, "periodic_dist": {"native": 0.14013496466618058, "firefox": 0.5092222222222316, "chrome": 0.646482777666664}, "repeating": {"native": 0.14251239544440372, "firefox": 0.3572222222222005, "chrome": 0.7001827780000112}, "reverse_cumsum": {"native": 0.15739557466683132, "firefox": 0.16522222222220584, "chrome": 0.15903277800000776}, "rosen": {"native": 1.053880153776845, "firefox": 0.9150000000000141, "chrome": 0.8268449995555456}, "slowparts": {"native": 0.14764944944504854, "firefox": 0.9777777777777727, "chrome": 1.636548888999995}, "smoothing": {"native": 4.0240331953908833e-05, "firefox": 0.00011111111110848369, "chrome": 0.00017166688886997386}, "specialconvolve": {"native": 0.6612177174433277, "firefox": 0.9577777777777909, "chrome": 0.662704444555541}, "vibr_energy": {"native": 0.14694796677859914, "firefox": 0.6416666666666515, "chrome": 1.033906666666654}, "wave": {"native": 0.0474160715554414, "firefox": 0.4212222222222029, "chrome": 0.6246616662222348}}