{"selenium init": {"native": NaN, "firefox": 3.188366174697876, "chrome": 2.262662887573242}, "load numpy": {"native": NaN, "firefox": 0.7787554264068604, "chrome": 0.8571436405181885}, "pystone": {"native": 0.244562, "firefox": 0.979, "chrome": 0.83726}, "allpairs_distances": {"native": 0.005440842981139819, "firefox": 0.01033333333333333, "chrome": 0.01038166666666661}, "allpairs_distances_loops": {"native": 0.13111859166787732, "firefox": 0.4716666666666664, "chrome": 0.4439105555555554}, "arc_distance": {"native": 0.01602449206014474, "firefox": 0.050444444444445305, "chrome": 0.07147944422222155}, "check_mask": {"native": 0.026452345566617116, "firefox": 0.10344444444444455, "chrome": 0.10782388922222294}, "create_grid": {"native": 0.06078288476500246, "firefox": 0.07000000000000028, "chrome": 0.0700088893333341}, "cronbach": {"native": 0.020025634931193456, "firefox": 0.05622222222222225, "chrome": 0.06637166677777866}, "diffusion": {"native": 0.13015229544705814, "firefox": 0.4852222222222227, "chrome": 0.5660411112222223}, "evolve": {"native": 0.04687207875152429, "firefox": 0.08177777777777824, "chrome": 0.096623333222222}, "fdtd": {"native": 0.12161989944676559, "firefox": 0.5568888888888898, "chrome": 0.6142961109999985}, "grayscott": {"native": 0.13145149933795133, "firefox": 0.7266666666666658, "chrome": 0.8353433332222219}, "grouping": {"native": 0.0445161418368419, "firefox": 0.4248888888888871, "chrome": 0.43965222144444266}, "growcut": {"native": 0.1400352157652378, "firefox": 0.6454444444444457, "chrome": 0.6945388886666658}, "harris": {"native": 0.18582231758369339, "firefox": 0.11833333333333308, "chrome": 0.15972722244444684}, "hasting": {"native": 0.00027602290113766986, "firefox": 0.0014444444444450255, "chrome": 0.0014672226666713566}, "julia": {"native": 0.02177608571946621, "firefox": 0.10544444444444423, "chrome": 0.11592388944444565}, "l2norm": {"native": 0.013740673661231995, "firefox": 0.028111111111109546, "chrome": 0.02791055599999955}, "large_decimal_list": {"native": 0.0038340756048758826, "firefox": 0.013333333333329101, "chrome": 0.01294666666666602}, "local_maxima": {"native": 0.14128443495266968, "firefox": 0.5865555555555567, "chrome": 0.5587138883333296}, "log_likelihood": {"native": 0.11095573256413142, "firefox": 0.3331111111111132, "chrome": 0.4709211112222154}, "lstsqr": {"native": 0.10315868424044715, "firefox": 0.10655555555555275, "chrome": 0.12566111122222245}, "mandel": {"native": 0.2364620597412189, "firefox": 0.9449999999999995, "chrome": 0.9148688891111098}, "multiple_sum": {"native": 0.0487042764822642, "firefox": 0.2036666666666728, "chrome": 0.2182966666666712}, "pairwise_loop": {"native": 0.12766498451431593, "firefox": 0.6022222222222209, "chrome": 0.6666261112222224}, "periodic_dist": {"native": 0.03328217027915849, "firefox": 0.08833333333333195, "chrome": 0.0781927777777835}, "repeating": {"native": 0.03938365706966983, "firefox": 0.18655555555555894, "chrome": 0.27759444433333313}, "reverse_cumsum": {"native": 0.10264104666809241, "firefox": 0.09922222222222546, "chrome": 0.09946833355554456}, "rosen": {"native": 0.27203969636725056, "firefox": 0.2764444444444412, "chrome": 0.30867666666666577}, "slowparts": {"native": 0.1095461572209994, "firefox": 0.4003333333333343, "chrome": 0.4441300003333342}, "smoothing": {"native": 2.8091793258984882e-05, "firefox": 0.0002222222222232833, "chrome": 9.388877777875375e-05}, "specialconvolve": {"native": 0.13956253789365292, "firefox": 0.14077777777777734, "chrome": 0.15278000011110748}, "vibr_energy": {"native": 0.04428981203171942, "firefox": 0.1830000000000022, "chrome": 0.25360222211111566}, "wave": {"native": 0.03504638891253206, "firefox": 0.138333333333337, "chrome": 0.14533055522223196}}